username,phone,company
johndoe,9876543210,ABC Pvt Ltd
janesmith,9876543211,XYZ Corp
bobwilson,9876543212,Tech Solutions
alicebrown,9876543213,Global Inc
aaravsharma,9820000005,BrightEdge Labs
aaravverma,9820000006,NovaTech
aaravpatel,9820000007,UrbanNest
aaraviyer,9820000008,FinEdge
aaravreddy,9820000009,MediCore
aaravnair,9820000010,EduSpark
aaravgupta,9820000011,AgroPure
aaravmehta,9820000012,TravelNest
aaravkhan,9820000013,FoodKraft
aaravsingh,9820000014,StyleHub
aaravdas,9820000015,ABC Pvt Ltd
aaravkulkarni,9820000016,XYZ Corp
aaravjoshi,9820000017,Tech Solutions
aaravchopra,9820000018,Global Inc
aaravbose,9820000019,StartupXYZ
aaravmenon,9820000020,BrightEdge Labs
aaravrao,9820000021,NovaTech
aaravpillai,9820000022,UrbanNest
aaravyadav,9820000023,FinEdge
aaravmishra,9820000024,MediCore
vihaansharma,9820000025,EduSpark
vihaanverma,9820000026,AgroPure
vihaanpatel,9820000027,TravelNest
vihaaniyer,9820000028,FoodKraft
vihaanreddy,9820000029,StyleHub
vihaannair,9820000030,ABC Pvt Ltd
vihaangupta,9820000031,XYZ Corp
vihaanmehta,9820000032,Tech Solutions
vihaankhan,9820000033,Global Inc
vihaansingh,9820000034,StartupXYZ
vihaandas,9820000035,BrightEdge Labs
vihaankulkarni,9820000036,NovaTech
vihaanjoshi,9820000037,UrbanNest
vihaanchopra,9820000038,FinEdge
vihaanbose,9820000039,MediCore
vihaanmenon,9820000040,EduSpark
vihaanrao,9820000041,AgroPure
vihaanpillai,9820000042,TravelNest
vihaanyadav,9820000043,FoodKraft
vihaanmishra,9820000044,StyleHub
arjunsharma,9820000045,ABC Pvt Ltd
arjunverma,9820000046,XYZ Corp
arjunpatel,9820000047,Tech Solutions
arjuniyer,9820000048,Global Inc
arjunreddy,9820000049,StartupXYZ
arjunnair,9820000050,BrightEdge Labs
arjungupta,9820000051,NovaTech
arjunmehta,9820000052,UrbanNest
arjunkhan,9820000053,FinEdge
arjunsingh,9820000054,MediCore
arjundas,9820000055,EduSpark
arjunkulkarni,9820000056,AgroPure
arjunjoshi,9820000057,TravelNest
arjunchopra,9820000058,FoodKraft
arjunbose,9820000059,StyleHub
arjunmenon,9820000060,ABC Pvt Ltd
arjunrao,9820000061,XYZ Corp
arjunpillai,9820000062,Tech Solutions
arjunyadav,9820000063,Global Inc
arjunmishra,9820000064,StartupXYZ
saisharma,9820000065,BrightEdge Labs
saiverma,9820000066,NovaTech
saipatel,9820000067,UrbanNest
saiiyer,9820000068,FinEdge
saireddy,9820000069,MediCore
sainair,9820000070,EduSpark
saigupta,9820000071,AgroPure
saimehta,9820000072,TravelNest
saikhan,9820000073,FoodKraft
saisingh,9820000074,StyleHub
saidas,9820000075,ABC Pvt Ltd
saikulkarni,9820000076,XYZ Corp
saijoshi,9820000077,Tech Solutions
saichopra,9820000078,Global Inc
saibose,9820000079,StartupXYZ
saimenon,9820000080,BrightEdge Labs
sairao,9820000081,NovaTech
saipillai,9820000082,UrbanNest
saiyadav,9820000083,FinEdge
saimishra,9820000084,MediCore
reyanshsharma,9820000085,EduSpark
reyanshverma,9820000086,AgroPure
reyanshpatel,9820000087,TravelNest
reyanshiyer,9820000088,FoodKraft
reyanshreddy,9820000089,StyleHub
reyanshnair,9820000090,ABC Pvt Ltd
evewilson,9876543216,StartupXYZ
sainair122,9850000122,Tech Solutions
diyarao123,9850000123,Global Inc
rahulmehta124,9850000124,StartupXYZ
reyanshyadav125,9850000125,BrightEdge Labs
aadhyasingh126,9850000126,NovaTech
amitsharma127,9850000127,UrbanNest
krishnakulkarni128,9850000128,FinEdge
myrapatel129,9850000129,MediCore
snehachopra130,9850000130,EduSpark
