email,full_name,mobile_number
john@example.com,John Doe,9876543210
jane@example.com,Jane Smith,9876543211
bob@example.com,Bob Wilson,9876543212
alice@example.com,Alice Brown,9876543213
aarav.sharma@example.com,Aarav Sharma,9820000005
aarav.verma@example.com,Aarav Verma,9820000006
aarav.patel@example.com,Aarav Patel,9820000007
aarav.iyer@example.com,Aarav Iyer,9820000008
aarav.reddy@example.com,Aarav Reddy,9820000009
aarav.nair@example.com,Aarav Nair,9820000010
aarav.gupta@example.com,Aarav Gupta,9820000011
aarav.mehta@example.com,Aarav Mehta,9820000012
aarav.khan@example.com,Aarav Khan,9820000013
aarav.singh@example.com,Aarav Singh,9820000014
aarav.das@example.com,Aarav Das,9820000015
aarav.kulkarni@example.com,Aarav Kulkarni,9820000016
aarav.joshi@example.com,Aarav Joshi,9820000017
aarav.chopra@example.com,Aarav Chopra,9820000018
aarav.bose@example.com,Aarav Bose,9820000019
aarav.menon@example.com,Aarav Menon,9820000020
aarav.rao@example.com,Aarav Rao,9820000021
aarav.pillai@example.com,Aarav Pillai,9820000022
aarav.yadav@example.com,Aarav Yadav,9820000023
aarav.mishra@example.com,Aarav Mishra,9820000024
vihaan.sharma@example.com,Vihaan Sharma,9820000025
vihaan.verma@example.com,Vihaan Verma,9820000026
vihaan.patel@example.com,Vihaan Patel,9820000027
vihaan.iyer@example.com,Vihaan Iyer,9820000028
vihaan.reddy@example.com,Vihaan Reddy,9820000029
vihaan.nair@example.com,Vihaan Nair,9820000030
vihaan.gupta@example.com,Vihaan Gupta,9820000031
vihaan.mehta@example.com,Vihaan Mehta,9820000032
vihaan.khan@example.com,Vihaan Khan,9820000033
vihaan.singh@example.com,Vihaan Singh,9820000034
vihaan.das@example.com,Vihaan Das,9820000035
vihaan.kulkarni@example.com,Vihaan Kulkarni,9820000036
vihaan.joshi@example.com,Vihaan Joshi,9820000037
vihaan.chopra@example.com,Vihaan Chopra,9820000038
vihaan.bose@example.com,Vihaan Bose,9820000039
vihaan.menon@example.com,Vihaan Menon,9820000040
vihaan.rao@example.com,Vihaan Rao,9820000041
vihaan.pillai@example.com,Vihaan Pillai,9820000042
vihaan.yadav@example.com,Vihaan Yadav,9820000043
vihaan.mishra@example.com,Vihaan Mishra,9820000044
arjun.sharma@example.com,Arjun Sharma,9820000045
arjun.verma@example.com,Arjun Verma,9820000046
arjun.patel@example.com,Arjun Patel,9820000047
arjun.iyer@example.com,Arjun Iyer,9820000048
arjun.reddy@example.com,Arjun Reddy,9820000049
arjun.nair@example.com,Arjun Nair,9820000050
arjun.gupta@example.com,Arjun Gupta,9820000051
arjun.mehta@example.com,Arjun Mehta,9820000052
arjun.khan@example.com,Arjun Khan,9820000053
arjun.singh@example.com,Arjun Singh,9820000054
arjun.das@example.com,Arjun Das,9820000055
arjun.kulkarni@example.com,Arjun Kulkarni,9820000056
arjun.joshi@example.com,Arjun Joshi,9820000057
arjun.chopra@example.com,Arjun Chopra,9820000058
arjun.bose@example.com,Arjun Bose,9820000059
arjun.menon@example.com,Arjun Menon,9820000060
arjun.rao@example.com,Arjun Rao,9820000061
arjun.pillai@example.com,Arjun Pillai,9820000062
arjun.yadav@example.com,Arjun Yadav,9820000063
arjun.mishra@example.com,Arjun Mishra,9820000064
sai.sharma@example.com,Sai Sharma,9820000065
sai.verma@example.com,Sai Verma,9820000066
sai.patel@example.com,Sai Patel,9820000067
sai.iyer@example.com,Sai Iyer,9820000068
sai.reddy@example.com,Sai Reddy,9820000069
sai.nair@example.com,Sai Nair,9820000070
sai.gupta@example.com,Sai Gupta,9820000071
sai.mehta@example.com,Sai Mehta,9820000072
sai.khan@example.com,Sai Khan,9820000073
sai.singh@example.com,Sai Singh,9820000074
sai.das@example.com,Sai Das,9820000075
sai.kulkarni@example.com,Sai Kulkarni,9820000076
sai.joshi@example.com,Sai Joshi,9820000077
sai.chopra@example.com,Sai Chopra,9820000078
sai.bose@example.com,Sai Bose,9820000079
sai.menon@example.com,Sai Menon,9820000080
sai.rao@example.com,Sai Rao,9820000081
sai.pillai@example.com,Sai Pillai,9820000082
sai.yadav@example.com,Sai Yadav,9820000083
sai.mishra@example.com,Sai Mishra,9820000084
reyansh.sharma@example.com,Reyansh Sharma,9820000085
reyansh.verma@example.com,Reyansh Verma,9820000086
reyansh.patel@example.com,Reyansh Patel,9820000087
reyansh.iyer@example.com,Reyansh Iyer,9820000088
reyansh.reddy@example.com,Reyansh Reddy,9820000089
reyansh.nair@example.com,Reyansh Nair,9820000090
charlie@example.com,Charlie Davis,9876543214
sai.nair102@example.com,Sai Nair,9830000102
diya.rao103@example.com,Diya Rao,9830000103
rahul.mehta104@example.com,Rahul Mehta,9830000104
reyansh.yadav105@example.com,Reyansh Yadav,9830000105
aadhya.singh106@example.com,Aadhya Singh,9830000106
amit.sharma107@example.com,Amit Sharma,9830000107
krishna.kulkarni108@example.com,Krishna Kulkarni,9830000108
myra.patel109@example.com,Myra Patel,9830000109
sneha.chopra110@example.com,Sneha Chopra,9830000110
