member_id,email,username
MEM1042,john@example.com,johndoe
MEM1043,jane@example.com,janesmith
MEM1044,bob@example.com,bobwilson
MEM1045,alice@example.com,alicebrown
MEM1105,aarav.sharma@example.com,aaravsharma
MEM1106,aarav.verma@example.com,aaravverma
MEM1107,aarav.patel@example.com,aaravpatel
MEM1108,aarav.iyer@example.com,aaraviyer
MEM1109,aarav.reddy@example.com,aaravreddy
MEM1110,aarav.nair@example.com,aaravnair
MEM1111,aarav.gupta@example.com,aaravgupta
MEM1112,aarav.mehta@example.com,aaravmehta
MEM1113,aarav.khan@example.com,aaravkhan
MEM1114,aarav.singh@example.com,aaravsingh
MEM1115,aarav.das@example.com,aaravdas
MEM1116,aarav.kulkarni@example.com,aaravkulkarni
MEM1117,aarav.joshi@example.com,aaravjoshi
MEM1118,aarav.chopra@example.com,aaravchopra
MEM1119,aarav.bose@example.com,aaravbose
MEM1120,aarav.menon@example.com,aaravmenon
MEM1121,aarav.rao@example.com,aaravrao
MEM1122,aarav.pillai@example.com,aaravpillai
MEM1123,aarav.yadav@example.com,aaravyadav
MEM1124,aarav.mishra@example.com,aaravmishra
MEM1125,vihaan.sharma@example.com,vihaansharma
MEM1126,vihaan.verma@example.com,vihaanverma
MEM1127,vihaan.patel@example.com,vihaanpatel
MEM1128,vihaan.iyer@example.com,vihaaniyer
MEM1129,vihaan.reddy@example.com,vihaanreddy
MEM1130,vihaan.nair@example.com,vihaannair
MEM1131,vihaan.gupta@example.com,vihaangupta
MEM1132,vihaan.mehta@example.com,vihaanmehta
MEM1133,vihaan.khan@example.com,vihaankhan
MEM1134,vihaan.singh@example.com,vihaansingh
MEM1135,vihaan.das@example.com,vihaandas
MEM1136,vihaan.kulkarni@example.com,vihaankulkarni
MEM1137,vihaan.joshi@example.com,vihaanjoshi
MEM1138,vihaan.chopra@example.com,vihaanchopra
MEM1139,vihaan.bose@example.com,vihaanbose
MEM1140,vihaan.menon@example.com,vihaanmenon
MEM1141,vihaan.rao@example.com,vihaanrao
MEM1142,vihaan.pillai@example.com,vihaanpillai
MEM1143,vihaan.yadav@example.com,vihaanyadav
MEM1144,vihaan.mishra@example.com,vihaanmishra
MEM1145,arjun.sharma@example.com,arjunsharma
MEM1146,arjun.verma@example.com,arjunverma
MEM1147,arjun.patel@example.com,arjunpatel
MEM1148,arjun.iyer@example.com,arjuniyer
MEM1149,arjun.reddy@example.com,arjunreddy
MEM1150,arjun.nair@example.com,arjunnair
MEM1151,arjun.gupta@example.com,arjungupta
MEM1152,arjun.mehta@example.com,arjunmehta
MEM1153,arjun.khan@example.com,arjunkhan
MEM1154,arjun.singh@example.com,arjunsingh
MEM1155,arjun.das@example.com,arjundas
MEM1156,arjun.kulkarni@example.com,arjunkulkarni
MEM1157,arjun.joshi@example.com,arjunjoshi
MEM1158,arjun.chopra@example.com,arjunchopra
MEM1159,arjun.bose@example.com,arjunbose
MEM1160,arjun.menon@example.com,arjunmenon
MEM1161,arjun.rao@example.com,arjunrao
MEM1162,arjun.pillai@example.com,arjunpillai
MEM1163,arjun.yadav@example.com,arjunyadav
MEM1164,arjun.mishra@example.com,arjunmishra
MEM1165,sai.sharma@example.com,saisharma
MEM1166,sai.verma@example.com,saiverma
MEM1167,sai.patel@example.com,saipatel
MEM1168,sai.iyer@example.com,saiiyer
MEM1169,sai.reddy@example.com,saireddy
MEM1170,sai.nair@example.com,sainair
MEM1171,sai.gupta@example.com,saigupta
MEM1172,sai.mehta@example.com,saimehta
MEM1173,sai.khan@example.com,saikhan
MEM1174,sai.singh@example.com,saisingh
MEM1175,sai.das@example.com,saidas
MEM1176,sai.kulkarni@example.com,saikulkarni
MEM1177,sai.joshi@example.com,saijoshi
MEM1178,sai.chopra@example.com,saichopra
MEM1179,sai.bose@example.com,saibose
MEM1180,sai.menon@example.com,saimenon
MEM1181,sai.rao@example.com,sairao
MEM1182,sai.pillai@example.com,saipillai
MEM1183,sai.yadav@example.com,saiyadav
MEM1184,sai.mishra@example.com,saimishra
MEM1185,reyansh.sharma@example.com,reyanshsharma
MEM1186,reyansh.verma@example.com,reyanshverma
MEM1187,reyansh.patel@example.com,reyanshpatel
MEM1188,reyansh.iyer@example.com,reyanshiyer
MEM1189,reyansh.reddy@example.com,reyanshreddy
MEM1190,reyansh.nair@example.com,reyanshnair
MEM1046,frank@example.com,frankwilson
MEM2132,sai.nair132@example.com,sainair132
MEM2133,diya.rao133@example.com,diyarao133
MEM2134,rahul.mehta134@example.com,rahulmehta134
MEM2135,reyansh.yadav135@example.com,reyanshyadav135
MEM2136,aadhya.singh136@example.com,aadhyasingh136
MEM2137,amit.sharma137@example.com,amitsharma137
MEM2138,krishna.kulkarni138@example.com,krishnakulkarni138
MEM2139,myra.patel139@example.com,myrapatel139
MEM2140,sneha.chopra140@example.com,snehachopra140
