email_id,name,contact_no,address
john2@example.com,John Doe,9876543210,Mumbai
jane2@example.com,Jane Smith,9876543211,Delhi
bob2@example.com,Bob Wilson,9876543212,Bangalore
alice2@example.com,Alice Brown,9876543213,Chennai
aarav5@example.com,Aarav Sharma,9820000005,Hyderabad
aarav6@example.com,Aarav Verma,9820000006,Kolkata
aarav7@example.com,Aarav Patel,9820000007,Ahmedabad
aarav8@example.com,Aarav Iyer,9820000008,Jaipur
aarav9@example.com,Aarav Reddy,9820000009,Kochi
aarav10@example.com,Aarav Nair,9820000010,Indore
aarav11@example.com,Aarav Gupta,9820000011,Lucknow
aarav12@example.com,Aarav Mehta,9820000012,Mumbai
aarav13@example.com,Aarav Khan,9820000013,Delhi
aarav14@example.com,Aarav Singh,9820000014,Bangalore
aarav15@example.com,Aarav Das,9820000015,Chennai
aarav16@example.com,Aarav Kulkarni,9820000016,Pune
aarav17@example.com,Aarav Joshi,9820000017,Hyderabad
aarav18@example.com,Aarav Chopra,9820000018,Kolkata
aarav19@example.com,Aarav Bose,9820000019,Ahmedabad
aarav20@example.com,Aarav Menon,9820000020,Jaipur
aarav21@example.com,Aarav Rao,9820000021,Kochi
aarav22@example.com,Aarav Pillai,9820000022,Indore
aarav23@example.com,Aarav Yadav,9820000023,Lucknow
aarav24@example.com,Aarav Mishra,9820000024,Mumbai
vihaan25@example.com,Vihaan Sharma,9820000025,Delhi
vihaan26@example.com,Vihaan Verma,9820000026,Bangalore
vihaan27@example.com,Vihaan Patel,9820000027,Chennai
vihaan28@example.com,Vihaan Iyer,9820000028,Pune
vihaan29@example.com,Vihaan Reddy,9820000029,Hyderabad
vihaan30@example.com,Vihaan Nair,9820000030,Kolkata
vihaan31@example.com,Vihaan Gupta,9820000031,Ahmedabad
vihaan32@example.com,Vihaan Mehta,9820000032,Jaipur
vihaan33@example.com,Vihaan Khan,9820000033,Kochi
vihaan34@example.com,Vihaan Singh,9820000034,Indore
vihaan35@example.com,Vihaan Das,9820000035,Lucknow
vihaan36@example.com,Vihaan Kulkarni,9820000036,Mumbai
vihaan37@example.com,Vihaan Joshi,9820000037,Delhi
vihaan38@example.com,Vihaan Chopra,9820000038,Bangalore
vihaan39@example.com,Vihaan Bose,9820000039,Chennai
vihaan40@example.com,Vihaan Menon,9820000040,Pune
vihaan41@example.com,Vihaan Rao,9820000041,Hyderabad
vihaan42@example.com,Vihaan Pillai,9820000042,Kolkata
vihaan43@example.com,Vihaan Yadav,9820000043,Ahmedabad
vihaan44@example.com,Vihaan Mishra,9820000044,Jaipur
arjun45@example.com,Arjun Sharma,9820000045,Kochi
arjun46@example.com,Arjun Verma,9820000046,Indore
arjun47@example.com,Arjun Patel,9820000047,Lucknow
arjun48@example.com,Arjun Iyer,9820000048,Mumbai
arjun49@example.com,Arjun Reddy,9820000049,Delhi
arjun50@example.com,Arjun Nair,9820000050,Bangalore
arjun51@example.com,Arjun Gupta,9820000051,Chennai
arjun52@example.com,Arjun Mehta,9820000052,Pune
arjun53@example.com,Arjun Khan,9820000053,Hyderabad
arjun54@example.com,Arjun Singh,9820000054,Kolkata
arjun55@example.com,Arjun Das,9820000055,Ahmedabad
arjun56@example.com,Arjun Kulkarni,9820000056,Jaipur
arjun57@example.com,Arjun Joshi,9820000057,Kochi
arjun58@example.com,Arjun Chopra,9820000058,Indore
arjun59@example.com,Arjun Bose,9820000059,Lucknow
arjun60@example.com,Arjun Menon,9820000060,Mumbai
arjun61@example.com,Arjun Rao,9820000061,Delhi
arjun62@example.com,Arjun Pillai,9820000062,Bangalore
arjun63@example.com,Arjun Yadav,9820000063,Chennai
arjun64@example.com,Arjun Mishra,9820000064,Pune
sai65@example.com,Sai Sharma,9820000065,Hyderabad
sai66@example.com,Sai Verma,9820000066,Kolkata
sai67@example.com,Sai Patel,9820000067,Ahmedabad
sai68@example.com,Sai Iyer,9820000068,Jaipur
sai69@example.com,Sai Reddy,9820000069,Kochi
sai70@example.com,Sai Nair,9820000070,Indore
sai71@example.com,Sai Gupta,9820000071,Lucknow
sai72@example.com,Sai Mehta,9820000072,Mumbai
sai73@example.com,Sai Khan,9820000073,Delhi
sai74@example.com,Sai Singh,9820000074,Bangalore
sai75@example.com,Sai Das,9820000075,Chennai
sai76@example.com,Sai Kulkarni,9820000076,Pune
sai77@example.com,Sai Joshi,9820000077,Hyderabad
sai78@example.com,Sai Chopra,9820000078,Kolkata
sai79@example.com,Sai Bose,9820000079,Ahmedabad
sai80@example.com,Sai Menon,9820000080,Jaipur
sai81@example.com,Sai Rao,9820000081,Kochi
sai82@example.com,Sai Pillai,9820000082,Indore
sai83@example.com,Sai Yadav,9820000083,Lucknow
sai84@example.com,Sai Mishra,9820000084,Mumbai
reyansh85@example.com,Reyansh Sharma,9820000085,Delhi
reyansh86@example.com,Reyansh Verma,9820000086,Bangalore
reyansh87@example.com,Reyansh Patel,9820000087,Chennai
reyansh88@example.com,Reyansh Iyer,9820000088,Pune
reyansh89@example.com,Reyansh Reddy,9820000089,Hyderabad
reyansh90@example.com,Reyansh Nair,9820000090,Kolkata
david@example.com,David Lee,9876543215,Pune
sai.nair112@example.com,Sai Nair,9840000112,Pune
diya.rao113@example.com,Diya Rao,9840000113,Hyderabad
rahul.mehta114@example.com,Rahul Mehta,9840000114,Kolkata
reyansh.yadav115@example.com,Reyansh Yadav,9840000115,Ahmedabad
aadhya.singh116@example.com,Aadhya Singh,9840000116,Jaipur
amit.sharma117@example.com,Amit Sharma,9840000117,Kochi
krishna.kulkarni118@example.com,Krishna Kulkarni,9840000118,Indore
myra.patel119@example.com,Myra Patel,9840000119,Lucknow
sneha.chopra120@example.com,Sneha Chopra,9840000120,Mumbai
